epoch,train_loss,val_loss,frame_f1,iou,segment_pct,segment_f1_05,combined_score,epoch_time,epoch_nan_count
1,0.3368244791881676,0.2560612838029296,0.6573930218421357,0.9079451744125376,0.8789729621659794,0.098843179448712,2.4443111584206525,261.27,0
2,0.2970140312693202,0.23063972008614136,0.6633157624607912,0.908583770147844,1.1771949209346497,0.11491860924376414,2.394704611673985,260.86,0
3,0.2846637164734968,0.22352816880655674,0.6666612648931395,0.9066374617227421,1.1387164706371187,0.10241055650770571,2.434582255978763,261.17,0
4,0.276916752070582,0.22024856233578508,0.6680680029882741,0.9080457583686533,1.129682838867838,0.11200097179077344,2.4464309224890894,260.98,0
5,0.27159052597094485,0.2245588892640496,0.665927661714719,0.9081368164968686,1.0068833954085816,0.10991329698648476,2.567181082803006,261.33,0
6,0.26651285154345405,0.22607991020361493,0.6676429777806017,0.9078767350771814,1.4925765657694912,0.1208365026062682,2.082943147088292,261.02,0
7,0.2620786350321258,0.2170195380952334,0.6698155643795666,0.9081818017582671,1.0945608480007596,0.12090727883086244,2.483436518137074,261.43,0
8,0.25802629377877356,0.21916656210305518,0.6681180332037825,0.9085631222360728,1.2713798888919094,0.12352494706062993,2.305301266547946,261.0,0
9,0.25396478524646743,0.2191678586314083,0.6676216702026007,0.9090295587395452,1.15272897092787,0.11685474701461473,2.423922258014276,260.92,0
10,0.25005887795448695,0.22831283143802597,0.6654438758635367,0.9062740708288605,1.141842015556283,0.14085891917657403,2.429875931136114,261.01,0
11,0.2456241489796847,0.21414602380225137,0.6727346182833814,0.9106492145865365,1.4542280204727394,0.14615952104074367,2.1291558123971788,261.04,0
12,0.24107859101896437,0.21796807781616476,0.6705781758306862,0.9094626072433173,1.1504907511693632,0.13741944329109024,2.4295500319046406,261.01,0
13,0.2362593265782685,0.2250489793722019,0.6724831459179849,0.9117285267066181,1.329431609343467,0.15790291649971985,2.254780063281136,260.84,0
14,0.23131102227240113,0.2241425436877762,0.6716413499249722,0.9087444217932866,1.2614917806944639,0.14055807597384112,2.3188939910237947,261.34,0
15,0.22580549689212648,0.22668264999031504,0.6707284744508168,0.908763044914145,1.380687400590974,0.1506528376925711,2.198804118773988,261.47,0
16,0.21936529191659623,0.236207897215406,0.6673414908818248,0.9017346472701829,1.4010109546659468,0.14217126948446926,2.168065183486061,261.3,0
17,0.21407479108068417,0.23483565335144313,0.666809873292793,0.9026661342425276,1.2034030777255906,0.12907444681815883,2.36607292980973,260.97,0
18,0.20718617943893172,0.2571961859336755,0.6647679327356982,0.9006718241635613,1.4245148456316894,0.17413328688077653,2.14092491126757,260.86,0
19,0.20162746480466312,0.2398427540657784,0.6675372557315625,0.9020615901447552,1.340087616234059,0.15177969202651898,2.2295112296422586,261.05,0
20,0.19556158662014472,0.24103074888184242,0.6691572728320806,0.9049324818365813,1.5745937492302486,0.18532597416956062,1.9994960054384132,260.97,0
21,0.18886330779949234,0.24822400522381421,0.665268324257305,0.9036423982557212,1.6787470937466071,0.14541641199916144,1.890163628766419,261.15,0
