split,model,video_id,length_frames,mode,time_seconds,peak_mem_gb,f1,status
test,stgcn_mamba,1179868_A,24068,chunked,0.48330458300188184,0.06625986099243164,0.691157912510795,ok
test,stgcn_mamba,1179868_A,24068,streaming,0.10208210302516818,2.298229217529297,0.22185376964926476,ok
test,stgcn_mamba,1179868_B,24068,chunked,0.3401804059976712,0.0665292739868164,0.6624921071644235,ok
test,stgcn_mamba,1179868_B,24068,streaming,0.10152326000388712,2.298229217529297,0.608983478644599,ok
test,stgcn_mamba,1179224_A,58144,chunked,0.822486619988922,0.0916757583618164,0.6737668183957487,ok
test,stgcn_mamba,1179224_A,58144,streaming,0.2218695369665511,5.491983413696289,0.4287388624902302,ok
test,stgcn_mamba,1179224_B,58144,chunked,0.8207777290372178,0.0920562744140625,0.6173276306159997,ok
test,stgcn_mamba,1179224_B,58144,streaming,0.22177036898210645,5.491983413696289,0.521218967901305,ok
test,stgcn_mamba,1180022_A,1510,chunked,0.0226936909602955,0.05095386505126953,0.6061052734182795,ok
test,stgcn_mamba,1180022_A,1510,streaming,0.006143324018921703,0.18388652801513672,0.6256519907664829,ok
test,stgcn_mamba,1180022_B,1510,chunked,0.02270444796886295,0.050321102142333984,0.3333333333333333,ok
test,stgcn_mamba,1180022_B,1510,streaming,0.004967899003531784,0.18388652801513672,0.33311243649215816,ok
test,stgcn_mamba,1187154_A,8088,chunked,0.11486987100215629,0.0543212890625,0.3331477701490691,ok
test,stgcn_mamba,1187154_A,8088,streaming,0.03006792499218136,0.8002352714538574,0.3217552613062112,ok
test,stgcn_mamba,1187154_B,8088,chunked,0.11428071703994647,0.05439472198486328,0.6344114727749263,ok
test,stgcn_mamba,1187154_B,8088,streaming,0.02965891401981935,0.8002352714538574,0.5998078534320946,ok
test,stgcn_mamba,1583214_A,36575,chunked,0.5135142960352823,0.07550811767578125,0.6647038064377121,ok
test,stgcn_mamba,1583214_A,36575,streaming,0.17151949001709,3.470062255859375,0.3842954520888174,ok
test,stgcn_mamba,1583214_B,36575,chunked,0.5148823350318708,0.07582664489746094,0.6102879571523732,ok
test,stgcn_mamba,1583214_B,36575,streaming,0.17163107101805508,3.470062255859375,0.5357803942799305,ok
test,stgcn_mamba,1984213_B,3248,chunked,0.046873671002686024,0.051723480224609375,0.573177663304311,ok
test,stgcn_mamba,1984213_B,3248,streaming,0.01224440400255844,0.3491668701171875,0.5432890524668247,ok
test,stgcn_mamba,1205821_A,45180,chunked,0.6331455979961902,0.08181190490722656,0.5788251933755268,ok
test,stgcn_mamba,1205821_A,45180,streaming,0.19771363999461755,4.276528835296631,0.5231675741995744,ok
test,stgcn_mamba,1205821_B,45180,chunked,0.6335688250255771,0.08266305923461914,0.6948000889857192,ok
test,stgcn_mamba,1205821_B,45180,streaming,0.19748543697642162,4.276911735534668,0.4874300178536242,ok
test,stgcn_mamba,1418858_A,28432,chunked,0.3998812999925576,0.06989717483520508,0.6711724779740273,ok
test,stgcn_mamba,1418858_A,28432,streaming,0.1100746410083957,2.7100510597229004,0.49018528781990095,ok
test,stgcn_mamba,1418858_B,28432,chunked,0.39843520999420434,0.0705404281616211,0.6784005134014728,ok
test,stgcn_mamba,1418858_B,28432,streaming,0.10995862999698147,2.710881233215332,0.26648120558922,ok
test,stgcn_mamba,1419122_A,1687,chunked,0.02529622201109305,0.05063581466674805,0.3333333333333333,ok
test,stgcn_mamba,1419122_A,1687,streaming,0.006538055022247136,0.2006382942199707,0.3308450283666766,ok
test,stgcn_mamba,1419122_B,1687,chunked,0.025187707040458918,0.05033683776855469,0.6505218891289959,ok
test,stgcn_mamba,1419122_B,1687,streaming,0.005748712050262839,0.2006382942199707,0.6113257365047029,ok
test,stgcn_bimamba,1179868_A,24068,chunked,0.5545439220150001,0.07286596298217773,0.7030690678614953,ok
test,stgcn_bimamba,1179868_A,24068,streaming,0.1210293920012191,2.304755210876465,0.6196100086360231,ok
test,stgcn_bimamba,1179868_B,24068,chunked,0.5398463699966669,0.07311630249023438,0.6825196737560321,ok
test,stgcn_bimamba,1179868_B,24068,streaming,0.12128127599135041,2.304755210876465,0.6371971065822005,ok
test,stgcn_bimamba,1179224_A,58144,chunked,1.2955306480289437,0.09826278686523438,0.6794367852303208,ok
test,stgcn_bimamba,1179224_A,58144,streaming,0.2733804830349982,5.498509407043457,0.5926180964854435,ok
test,stgcn_bimamba,1179224_B,58144,chunked,1.303754884051159,0.09864330291748047,0.6179462957901287,ok
test,stgcn_bimamba,1179224_B,58144,streaming,0.2726565990014933,5.498509407043457,0.5487762169653141,ok
test,stgcn_bimamba,1180022_A,1510,chunked,0.0357803920051083,0.056783199310302734,0.6218927142117688,ok
test,stgcn_bimamba,1180022_A,1510,streaming,0.0063784230151213706,0.1904125213623047,0.6313863001756584,ok
test,stgcn_bimamba,1180022_B,1510,chunked,0.03556519199628383,0.05615043640136719,0.3333333333333333,ok
test,stgcn_bimamba,1180022_B,1510,streaming,0.00614713499089703,0.1904125213623047,0.3330018782454977,ok
test,stgcn_bimamba,1187154_A,8088,chunked,0.18293451197678223,0.06143617630004883,0.3333333333333333,ok
test,stgcn_bimamba,1187154_A,8088,streaming,0.03498537396080792,0.8067612648010254,0.3314891941733491,ok
test,stgcn_bimamba,1187154_B,8088,chunked,0.18240075901849195,0.06150960922241211,0.6457826676302408,ok
test,stgcn_bimamba,1187154_B,8088,streaming,0.03505754499929026,0.8067612648010254,0.6314965832865451,ok
test,stgcn_bimamba,1583214_A,36575,chunked,0.8175834940047935,0.08209514617919922,0.6828989313995598,ok
test,stgcn_bimamba,1583214_A,36575,streaming,0.20381811104016379,3.476588249206543,0.6460761089300904,ok
test,stgcn_bimamba,1583214_B,36575,chunked,0.8186246489640325,0.0824136734008789,0.6150849093385068,ok
test,stgcn_bimamba,1583214_B,36575,streaming,0.2039250440429896,3.476588249206543,0.5856708178746645,ok
test,stgcn_bimamba,1984213_B,3248,chunked,0.07439116097521037,0.05854463577270508,0.5530520868913207,ok
test,stgcn_bimamba,1984213_B,3248,streaming,0.01406741701066494,0.35569286346435547,0.5706239158333991,ok
test,stgcn_bimamba,1205821_A,45180,chunked,1.012429833994247,0.08839893341064453,0.599584974745611,ok
test,stgcn_bimamba,1205821_A,45180,streaming,0.2381019010208547,4.283054828643799,0.542296742781974,ok
test,stgcn_bimamba,1205821_B,45180,chunked,1.0128975200350396,0.08925008773803711,0.6958579190716238,ok
test,stgcn_bimamba,1205821_B,45180,streaming,0.2381407159846276,4.283437728881836,0.6622796796100953,ok
test,stgcn_bimamba,1418858_A,28432,chunked,0.6387946260510944,0.07648420333862305,0.6680616523575784,ok
test,stgcn_bimamba,1418858_A,28432,streaming,0.13491352699929848,2.7165770530700684,0.6224937381657091,ok
test,stgcn_bimamba,1418858_B,28432,chunked,0.6379365569446236,0.07712745666503906,0.687698825580909,ok
test,stgcn_bimamba,1418858_B,28432,streaming,0.1348790129995905,2.7174072265625,0.6443031931678105,ok
test,stgcn_bimamba,1419122_A,1687,chunked,0.03964544401969761,0.05646514892578125,0.3333333333333333,ok
test,stgcn_bimamba,1419122_A,1687,streaming,0.007029181986581534,0.20716428756713867,0.33273950910530486,ok
test,stgcn_bimamba,1419122_B,1687,chunked,0.03996066504623741,0.05616617202758789,0.6538765969451661,ok
test,stgcn_bimamba,1419122_B,1687,streaming,0.006941525032743812,0.20716428756713867,0.6156152004184569,ok
test,stgcn_bilstm,1179868_A,24068,chunked,0.8352175219915807,0.16232538223266602,0.7032391706831881,ok
test,stgcn_bilstm,1179868_A,24068,streaming,0.7477730920072645,2.3131604194641113,0.7187380202584231,ok
test,stgcn_bilstm,1179868_B,24068,chunked,0.8264589360333048,0.16266965866088867,0.6945836276869266,ok
test,stgcn_bilstm,1179868_B,24068,streaming,0.7474784270161763,2.3132543563842773,0.7097303851675433,ok
test,stgcn_bilstm,1179224_A,58144,chunked,1.9973545480170287,0.18687057495117188,0.6876936747267227,ok
test,stgcn_bilstm,1179224_A,58144,streaming,1.7755591929890215,5.5070085525512695,0.704219221290267,ok
test,stgcn_bilstm,1179224_B,58144,chunked,1.996898423996754,0.18725109100341797,0.6143488831729615,ok
test,stgcn_bilstm,1179224_B,58144,streaming,1.7664421430090442,5.5070085525512695,0.6065649588157335,ok
test,stgcn_bilstm,1180022_A,1510,chunked,0.053834807011298835,0.1470026969909668,0.6239863410016235,ok
test,stgcn_bilstm,1180022_A,1510,streaming,0.043018781987484545,0.1997065544128418,0.6470764589792096,ok
test,stgcn_bilstm,1180022_B,1510,chunked,0.053557149018161,0.14636993408203125,0.3333333333333333,ok
test,stgcn_bilstm,1180022_B,1510,streaming,0.04295202501816675,0.1997065544128418,0.3333333333333333,ok
test,stgcn_bilstm,1187154_A,8088,chunked,0.278193487029057,0.15046167373657227,0.3333333333333333,ok
test,stgcn_bilstm,1187154_A,8088,streaming,0.2422375159803778,0.8152604103088379,0.3333333333333333,ok
test,stgcn_bilstm,1187154_B,8088,chunked,0.2796840909868479,0.15053510665893555,0.6465531579226019,ok
test,stgcn_bilstm,1187154_B,8088,streaming,0.24274894397240132,0.8152604103088379,0.6553016543428701,ok
test,stgcn_bilstm,1583214_A,36575,chunked,1.2509595489827916,0.17070293426513672,0.6896275271751809,ok
test,stgcn_bilstm,1583214_A,36575,streaming,1.139857165981084,3.4850873947143555,0.6965864115854649,ok
test,stgcn_bilstm,1583214_B,36575,chunked,1.2532208469929174,0.1710214614868164,0.6090757477262704,ok
test,stgcn_bilstm,1583214_B,36575,streaming,1.1401686940225773,3.4850873947143555,0.6243298175436519,ok
test,stgcn_bilstm,1984213_B,3248,chunked,0.11310774099547416,0.1472482681274414,0.5577099248037064,ok
test,stgcn_bilstm,1984213_B,3248,streaming,0.09606431901920587,0.36419200897216797,0.5621864103204036,ok
test,stgcn_bilstm,1205821_A,45180,chunked,1.5463737639947794,0.17795228958129883,0.5973291840682583,ok
test,stgcn_bilstm,1205821_A,45180,streaming,1.3948878410155885,4.291553974151611,0.5983806573238314,ok
test,stgcn_bilstm,1205821_B,45180,chunked,1.544379664992448,0.1788034439086914,0.7093126210210903,ok
test,stgcn_bilstm,1205821_B,45180,streaming,1.3959188369917683,4.291936874389648,0.7170908274283784,ok
test,stgcn_bilstm,1418858_A,28432,chunked,0.9745483720325865,0.16603755950927734,0.68015841364164,ok
test,stgcn_bilstm,1418858_A,28432,streaming,0.8612521740142256,2.725076198577881,0.6884094645788367,ok
test,stgcn_bilstm,1418858_B,28432,chunked,0.9746506880037487,0.16668081283569336,0.676227316703541,ok
test,stgcn_bilstm,1418858_B,28432,streaming,0.8620190750225447,2.7259063720703125,0.6964793229546227,ok
test,stgcn_bilstm,1419122_A,1687,chunked,0.06030469195684418,0.1466846466064453,0.3333333333333333,ok
test,stgcn_bilstm,1419122_A,1687,streaming,0.047886005020700395,0.21632957458496094,0.3333333333333333,ok
test,stgcn_bilstm,1419122_B,1687,chunked,0.06020579597679898,0.14638566970825195,0.6673908394591955,ok
test,stgcn_bilstm,1419122_B,1687,streaming,0.047725595999509096,0.21632957458496094,0.6783433558311104,ok
test,stgcn_transformer,1179868_A,24068,chunked,0.2605276590329595,0.11936044692993164,0.718181392938417,ok
test,stgcn_transformer,1179868_A,24068,streaming,0.5935245999717154,2.3511581420898438,0.3099927384816017,ok
test,stgcn_transformer,1179868_B,24068,chunked,0.25845941301668063,0.11961078643798828,0.6843594501017723,ok
test,stgcn_transformer,1179868_B,24068,streaming,0.5937646849779412,2.3511581420898438,0.39705878967220315,ok
test,stgcn_transformer,1179224_A,58144,chunked,0.6217135870247148,0.14475727081298828,0.687426888273679,ok
test,stgcn_transformer,1179224_A,58144,streaming,nan,nan,nan,error: The size of tensor a (58144) must match the size of tensor b (50000) at non-singleton dimension 1
test,stgcn_transformer,1179224_B,58144,chunked,0.6210235439939424,0.14513778686523438,0.6277412262879384,ok
test,stgcn_transformer,1179224_B,58144,streaming,nan,nan,nan,error: The size of tensor a (58144) must match the size of tensor b (50000) at non-singleton dimension 1
test,stgcn_transformer,1180022_A,1510,chunked,0.0175515339942649,0.1030435562133789,0.6493114562354371,ok
test,stgcn_transformer,1180022_A,1510,streaming,0.007366073958110064,0.2368626594543457,0.48946796593090486,ok
test,stgcn_transformer,1180022_B,1510,chunked,0.01793840399477631,0.10241079330444336,0.3333333333333333,ok
test,stgcn_transformer,1180022_B,1510,streaming,0.007263261009939015,0.2368626594543457,0.3333333333333333,ok
test,stgcn_transformer,1187154_A,8088,chunked,0.08690345496870577,0.10827922821044922,0.3333333333333333,ok
test,stgcn_transformer,1187154_A,8088,streaming,0.08692255901405588,0.8531641960144043,0.3333333333333333,ok
test,stgcn_transformer,1187154_B,8088,chunked,0.08652416296536103,0.1083526611328125,0.6562814517384606,ok
test,stgcn_transformer,1187154_B,8088,streaming,0.08701547497184947,0.8531641960144043,0.36188444939265524,ok
test,stgcn_transformer,1583214_A,36575,chunked,0.3867094480083324,0.12858963012695312,0.6745739393346071,ok
test,stgcn_transformer,1583214_A,36575,streaming,1.3061639390070923,3.522991180419922,0.31632638399977014,ok
test,stgcn_transformer,1583214_B,36575,chunked,0.38752199697773904,0.1289081573486328,0.6238093576451499,ok
test,stgcn_transformer,1583214_B,36575,streaming,1.3065147600136697,3.522991180419922,0.3390236754594143,ok
test,stgcn_transformer,1984213_B,3248,chunked,0.03575637994799763,0.10418939590454102,0.5639103201201169,ok
test,stgcn_transformer,1984213_B,3248,streaming,0.021395855001173913,0.4020957946777344,0.4080704455974034,ok
test,stgcn_transformer,1205821_A,45180,chunked,0.48213102197041735,0.13489341735839844,0.5994492026321173,ok
test,stgcn_transformer,1205821_A,45180,streaming,1.9202050230232999,4.329457759857178,0.28536705784056815,ok
test,stgcn_transformer,1205821_B,45180,chunked,0.47924417100148275,0.13574457168579102,0.7017414293912414,ok
test,stgcn_transformer,1205821_B,45180,streaming,1.9195861160405912,4.329840660095215,0.29925101856595676,ok
test,stgcn_transformer,1418858_A,28432,chunked,0.302081843954511,0.12297868728637695,0.67586895548113,ok
test,stgcn_transformer,1418858_A,28432,streaming,0.7940313660074025,2.7629799842834473,0.2659506997589954,ok
test,stgcn_transformer,1418858_B,28432,chunked,0.3033020130242221,0.12362194061279297,0.6882175552735913,ok
test,stgcn_transformer,1418858_B,28432,streaming,0.793958643975202,2.763810157775879,0.26921087579506536,ok
test,stgcn_transformer,1419122_A,1687,chunked,0.019597514998167753,0.10295963287353516,0.3333333333333333,ok
test,stgcn_transformer,1419122_A,1687,streaming,0.00845160597236827,0.2535672187805176,0.3333333333333333,ok
test,stgcn_transformer,1419122_B,1687,chunked,0.01951342000393197,0.1026606559753418,0.6646114682889818,ok
test,stgcn_transformer,1419122_B,1687,streaming,0.008401809027418494,0.2535672187805176,0.2700396099474462,ok
val,stgcn_mamba,1247641_A,28528,chunked,0.3964467800105922,0.07021903991699219,0.687399120986505,ok
val,stgcn_mamba,1247641_A,28528,streaming,0.11109405005117878,2.717069149017334,0.5964175766126463,ok
val,stgcn_mamba,1247641_B,28528,chunked,0.39677414298057556,0.07051897048950195,0.6936249005847942,ok
val,stgcn_mamba,1247641_B,28528,streaming,0.11057803098810837,2.717069149017334,0.6494286422988638,ok
val,stgcn_mamba,1582841_A,22006,chunked,0.30755288002546877,0.06491899490356445,0.33288588568091676,ok
val,stgcn_mamba,1582841_A,22006,streaming,0.09761604899540544,2.10770320892334,0.24671284899143145,ok
val,stgcn_mamba,1582841_B,22006,chunked,0.30753684299997985,0.06554269790649414,0.6550171167741964,ok
val,stgcn_mamba,1582841_B,22006,streaming,0.09711357700871304,2.10770320892334,0.5814812982954413,ok
val,stgcn_mamba,1429910-16075041-16115817_A,12376,chunked,0.17437327199149877,0.057729244232177734,0.4368227136125105,ok
val,stgcn_mamba,1429910-16075041-16115817_A,12376,streaming,0.046558383968658745,1.202110767364502,0.4441113991983246,ok
val,stgcn_mamba,1429910-16075041-16115817_B,12376,chunked,0.17385184299200773,0.05762195587158203,0.3326991837010052,ok
val,stgcn_mamba,1429910-16075041-16115817_B,12376,streaming,0.04613325500395149,1.202110767364502,0.25571549534292976,ok
val,stgcn_mamba,1414123_A,34237,chunked,0.47854994097724557,0.07380056381225586,0.6674434192605787,ok
val,stgcn_mamba,1414123_A,34237,streaming,0.16141127404989675,3.2536301612854004,0.24547064202467064,ok
val,stgcn_mamba,1414123_B,34237,chunked,0.4772279099561274,0.07404470443725586,0.6823902622245895,ok
val,stgcn_mamba,1414123_B,34237,streaming,0.16081281600054353,3.2536301612854004,0.41765521585131515,ok
val,stgcn_mamba,1413236_A,3160,chunked,0.04565437202109024,0.051947593688964844,0.3333333333333333,ok
val,stgcn_mamba,1413236_A,3160,streaming,0.012089575990103185,0.3383793830871582,0.3331222292590247,ok
val,stgcn_mamba,1413236_B,3160,chunked,0.045735222985967994,0.05160045623779297,0.6938032323212457,ok
val,stgcn_mamba,1413236_B,3160,streaming,0.011568773014005274,0.3383793830871582,0.6406443752914575,ok
val,stgcn_mamba,1212402_A,51129,chunked,0.7111868450301699,0.08622312545776367,0.6793823491662603,ok
val,stgcn_mamba,1212402_A,51129,streaming,0.24238934298045933,4.836522579193115,0.25347284611551735,ok
val,stgcn_mamba,1212402_B,51129,chunked,0.7101404119748622,0.0877842903137207,0.6485651167542048,ok
val,stgcn_mamba,1212402_B,51129,streaming,0.24233923404244706,4.836522579193115,0.5714217089786228,ok
val,stgcn_bimamba,1247641_A,28528,chunked,0.637061906978488,0.0765981674194336,0.696149473582016,ok
val,stgcn_bimamba,1247641_A,28528,streaming,0.1365737549494952,2.722834587097168,0.6473531802125735,ok
val,stgcn_bimamba,1247641_B,28528,chunked,0.6408499579993077,0.07710599899291992,0.7015497481566418,ok
val,stgcn_bimamba,1247641_B,28528,streaming,0.1359027199796401,2.723595142364502,0.6741740968181421,ok
val,stgcn_bimamba,1582841_A,22006,chunked,0.4968083290150389,0.07150602340698242,0.3329845789928581,ok
val,stgcn_bimamba,1582841_A,22006,streaming,0.11461355001665652,2.114229202270508,0.1382796086199652,ok
val,stgcn_bimamba,1582841_B,22006,chunked,0.49618149996967986,0.07203340530395508,0.6723213610712416,ok
val,stgcn_bimamba,1582841_B,22006,streaming,0.11456660501426086,2.114229202270508,0.6351759978209042,ok
val,stgcn_bimamba,1429910-16075041-16115817_A,12376,chunked,0.2798297979752533,0.06493854522705078,0.41292299812279293,ok
val,stgcn_bimamba,1429910-16075041-16115817_A,12376,streaming,0.05574336799327284,1.20863676071167,0.39302984585098194,ok
val,stgcn_bimamba,1429910-16075041-16115817_B,12376,chunked,0.2800433379597962,0.06483125686645508,0.3333333333333333,ok
val,stgcn_bimamba,1429910-16075041-16115817_B,12376,streaming,0.054908062040340155,1.20863676071167,0.32347517435492146,ok
val,stgcn_bimamba,1414123_A,34237,chunked,0.7703679039841518,0.08038759231567383,0.6740813636274577,ok
val,stgcn_bimamba,1414123_A,34237,streaming,0.19141200801823288,3.2601561546325684,0.6306493908272517,ok
val,stgcn_bimamba,1414123_B,34237,chunked,0.7731593379867263,0.08063173294067383,0.6835632607292833,ok
val,stgcn_bimamba,1414123_B,34237,streaming,0.1914557510172017,3.2601561546325684,0.6341082760414799,ok
val,stgcn_bimamba,1413236_A,3160,chunked,0.07349294400773942,0.05830049514770508,0.3333333333333333,ok
val,stgcn_bimamba,1413236_A,3160,streaming,0.013889510999433696,0.34490537643432617,0.33306941145420954,ok
val,stgcn_bimamba,1413236_B,3160,chunked,0.07303998398128897,0.0579533576965332,0.7022055934741793,ok
val,stgcn_bimamba,1413236_B,3160,streaming,0.013799596985336393,0.34490537643432617,0.6726177050652895,ok
val,stgcn_bimamba,1212402_A,51129,chunked,1.15549373900285,0.09281015396118164,0.6811879941898149,ok
val,stgcn_bimamba,1212402_A,51129,streaming,0.2871229389565997,4.843048572540283,0.46994514952024896,ok
val,stgcn_bimamba,1212402_B,51129,chunked,1.1442849390441552,0.09427499771118164,0.6586321209921999,ok
val,stgcn_bimamba,1212402_B,51129,streaming,0.28739438799675554,4.843048572540283,0.622673620140029,ok
val,stgcn_bilstm,1247641_A,28528,chunked,0.9777070209966041,0.1661515235900879,0.7164653871647518,ok
val,stgcn_bilstm,1247641_A,28528,streaming,0.8666040619718842,2.7313337326049805,0.7189571619950007,ok
val,stgcn_bilstm,1247641_B,28528,chunked,0.97784073400544,0.16665935516357422,0.7142443978772484,ok
val,stgcn_bilstm,1247641_B,28528,streaming,0.8668356280541047,2.7320942878723145,0.7223222653801695,ok
val,stgcn_bilstm,1582841_A,22006,chunked,0.7555774580105208,0.16105937957763672,0.3332348462465056,ok
val,stgcn_bilstm,1582841_A,22006,streaming,0.6816187860094942,2.1227283477783203,0.33328788498538076,ok
val,stgcn_bilstm,1582841_B,22006,chunked,0.7568146249977872,0.16158676147460938,0.6764393743818865,ok
val,stgcn_bilstm,1582841_B,22006,streaming,0.6801233229925856,2.1227283477783203,0.6900679525569718,ok
val,stgcn_bilstm,1429910-16075041-16115817_A,12376,chunked,0.42662845796439797,0.15386962890625,0.43724672950929233,ok
val,stgcn_bilstm,1429910-16075041-16115817_A,12376,streaming,0.3732529280241579,1.2171359062194824,0.4606365176946375,ok
val,stgcn_bilstm,1429910-16075041-16115817_B,12376,chunked,0.42665357497753575,0.1537623405456543,0.3333063973063973,ok
val,stgcn_bilstm,1429910-16075041-16115817_B,12376,streaming,0.3737532120430842,1.2171359062194824,0.3333333333333333,ok
val,stgcn_bilstm,1414123_A,34237,chunked,1.1743057320127264,0.16899538040161133,0.6798938575429285,ok
val,stgcn_bilstm,1414123_A,34237,streaming,1.0660432470031083,3.268655300140381,0.6911624745835493,ok
val,stgcn_bilstm,1414123_B,34237,chunked,1.1729549539741129,0.16923952102661133,0.6859014390526786,ok
val,stgcn_bilstm,1414123_B,34237,streaming,1.0665902380133048,3.268655300140381,0.6875647898606662,ok
val,stgcn_bilstm,1413236_A,3160,chunked,0.11102912295609713,0.14785385131835938,0.3333333333333333,ok
val,stgcn_bilstm,1413236_A,3160,streaming,0.09284602798288688,0.35340452194213867,0.3333333333333333,ok
val,stgcn_bilstm,1413236_B,3160,chunked,0.11078080500010401,0.1475067138671875,0.7181134678711794,ok
val,stgcn_bilstm,1413236_B,3160,streaming,0.0928785459836945,0.35340452194213867,0.7271927904643997,ok
val,stgcn_bilstm,1212402_A,51129,chunked,1.7528158989734948,0.18236351013183594,0.6636443180478063,ok
val,stgcn_bilstm,1212402_A,51129,streaming,1.5997524530394003,4.851547718048096,0.6514734490546833,ok
val,stgcn_bilstm,1212402_B,51129,chunked,1.7522158869542181,0.18379974365234375,0.6628227161575276,ok
val,stgcn_bilstm,1212402_B,51129,streaming,1.600565230997745,4.851547718048096,0.674502060002861,ok
val,stgcn_transformer,1247641_A,28528,chunked,0.3042713240138255,0.1230926513671875,0.705687809313852,ok
val,stgcn_transformer,1247641_A,28528,streaming,0.8022536299540661,2.769237518310547,0.3030279854432356,ok
val,stgcn_transformer,1247641_B,28528,chunked,0.3080465769744478,0.12360048294067383,0.6991112246059701,ok
val,stgcn_transformer,1247641_B,28528,streaming,0.8025923679815605,2.769998073577881,0.27072073535576097,ok
val,stgcn_transformer,1582841_A,22006,chunked,0.23579874297138304,0.11840200424194336,0.33309079884796117,ok
val,stgcn_transformer,1582841_A,22006,streaming,0.507904383004643,2.1606321334838867,0.3333333333333333,ok
val,stgcn_transformer,1582841_B,22006,chunked,0.23583269398659468,0.11852788925170898,0.6803923717502434,ok
val,stgcn_transformer,1582841_B,22006,streaming,0.5083987980033271,2.1606321334838867,0.36847618941857957,ok
val,stgcn_transformer,1429910-16075041-16115817_A,12376,chunked,0.13401439599692822,0.11081075668334961,0.4287636025124406,ok
val,stgcn_transformer,1429910-16075041-16115817_A,12376,streaming,0.17858599103055894,1.2550396919250488,0.3265592151366503,ok
val,stgcn_transformer,1429910-16075041-16115817_B,12376,chunked,0.13373445702018216,0.1107034683227539,0.3333333333333333,ok
val,stgcn_transformer,1429910-16075041-16115817_B,12376,streaming,0.17827443103305995,1.2550396919250488,0.3333333333333333,ok
val,stgcn_transformer,1414123_A,34237,chunked,0.3654297610046342,0.12688207626342773,0.6756432387333086,ok
val,stgcn_transformer,1414123_A,34237,streaming,1.1488969060010277,3.3065590858459473,0.31803879639529553,ok
val,stgcn_transformer,1414123_B,34237,chunked,0.3666268310043961,0.12712621688842773,0.6899345775051535,ok
val,stgcn_transformer,1414123_B,34237,streaming,1.1498965569771826,3.3065590858459473,0.38711760549011776,ok
val,stgcn_transformer,1413236_A,3160,chunked,0.035429991025011986,0.10411548614501953,0.3333333333333333,ok
val,stgcn_transformer,1413236_A,3160,streaming,0.02084641100373119,0.3913083076477051,0.3333333333333333,ok
val,stgcn_transformer,1413236_B,3160,chunked,0.0353681180276908,0.10376834869384766,0.7388641080149951,ok
val,stgcn_transformer,1413236_B,3160,streaming,0.02077352802734822,0.3913083076477051,0.4485955877444752,ok
val,stgcn_transformer,1212402_A,51129,chunked,0.5434926099842414,0.13930463790893555,0.6588491094112264,ok
val,stgcn_transformer,1212402_A,51129,streaming,nan,nan,nan,error: The size of tensor a (51129) must match the size of tensor b (50000) at non-singleton dimension 1
val,stgcn_transformer,1212402_B,51129,chunked,0.5439403639757074,0.13984060287475586,0.6640712959589212,ok
val,stgcn_transformer,1212402_B,51129,streaming,nan,nan,nan,error: The size of tensor a (51129) must match the size of tensor b (50000) at non-singleton dimension 1
